Date,Close
05/01/2015,2.660000086
06/01/2015,2.630000114
07/01/2015,2.579999924
08/01/2015,2.609999895
09/01/2015,2.630000114
12/01/2015,2.630000114
13/01/2015,2.660000086
14/01/2015,2.630000114
15/01/2015,2.519999981
16/01/2015,2.390000105
20/01/2015,2.24000001
21/01/2015,2.450000048
22/01/2015,2.470000029
23/01/2015,2.450000048
26/01/2015,2.609999895
27/01/2015,2.700000048
28/01/2015,2.630000114
29/01/2015,2.609999895
30/01/2015,2.569999933
02/02/2015,2.670000076
03/02/2015,2.75999999
04/02/2015,2.849999905
05/02/2015,3.309999943
06/02/2015,3.029999971
09/02/2015,3.039999962
10/02/2015,3.039999962
11/02/2015,3.069999933
12/02/2015,3.119999886
13/02/2015,3.150000095
17/02/2015,3.109999895
18/02/2015,3.079999924
19/02/2015,3.059999943
20/02/2015,3.059999943
23/02/2015,3.059999943
24/02/2015,3.109999895
25/02/2015,3.099999905
26/02/2015,3.079999924
27/02/2015,3.109999895
02/03/2015,3.210000038
03/03/2015,3.140000105
04/03/2015,3.049999952
05/03/2015,2.980000019
06/03/2015,2.920000076
09/03/2015,2.930000067
10/03/2015,2.920000076
11/03/2015,2.839999914
12/03/2015,2.75999999
13/03/2015,2.75
16/03/2015,2.75999999
17/03/2015,2.769999981
18/03/2015,2.75
19/03/2015,2.74000001
20/03/2015,2.799999952
23/03/2015,2.839999914
24/03/2015,2.789999962
25/03/2015,2.630000114
26/03/2015,2.650000095
27/03/2015,2.720000029
30/03/2015,2.700000048
31/03/2015,2.680000067
01/04/2015,2.690000057
02/04/2015,2.690000057
06/04/2015,2.700000048
07/04/2015,2.700000048
08/04/2015,2.710000038
09/04/2015,2.720000029
10/04/2015,2.75999999
13/04/2015,2.779999971
14/04/2015,2.670000076
15/04/2015,2.700000048
16/04/2015,2.869999886
17/04/2015,2.579999924
20/04/2015,2.49000001
21/04/2015,2.349999905
22/04/2015,2.279999971
23/04/2015,2.329999924
24/04/2015,2.299999952
27/04/2015,2.339999914
28/04/2015,2.309999943
29/04/2015,2.279999971
30/04/2015,2.25999999
01/05/2015,2.309999943
04/05/2015,2.309999943
05/05/2015,2.279999971
06/05/2015,2.289999962
07/05/2015,2.319999933
08/05/2015,2.309999943
11/05/2015,2.319999933
12/05/2015,2.349999905
13/05/2015,2.369999886
14/05/2015,2.329999924
15/05/2015,2.319999933
18/05/2015,2.349999905
19/05/2015,2.279999971
20/05/2015,2.319999933
21/05/2015,2.279999971
22/05/2015,2.279999971
26/05/2015,2.220000029
27/05/2015,2.279999971
28/05/2015,2.269999981
29/05/2015,2.279999971
01/06/2015,2.25
02/06/2015,2.299999952
03/06/2015,2.279999971
04/06/2015,2.329999924
05/06/2015,2.329999924
08/06/2015,2.309999943
09/06/2015,2.289999962
10/06/2015,2.319999933
11/06/2015,2.319999933
12/06/2015,2.309999943
15/06/2015,2.319999933
16/06/2015,2.349999905
17/06/2015,2.470000029
18/06/2015,2.519999981
19/06/2015,2.579999924
22/06/2015,2.619999886
23/06/2015,2.609999895
24/06/2015,2.619999886
25/06/2015,2.579999924
26/06/2015,2.470000029
29/06/2015,2.339999914
30/06/2015,2.400000095
01/07/2015,2.420000076
02/07/2015,2.529999971
06/07/2015,2.470000029
07/07/2015,2.089999914
08/07/2015,2.00999999
09/07/2015,1.980000019
10/07/2015,1.960000038
13/07/2015,1.960000038
14/07/2015,2.049999952
15/07/2015,1.960000038
16/07/2015,1.870000005
17/07/2015,1.789999962
20/07/2015,1.799999952
21/07/2015,1.799999952
22/07/2015,1.789999962
23/07/2015,1.75999999
24/07/2015,1.669999957
27/07/2015,1.620000005
28/07/2015,1.769999981
29/07/2015,1.960000038
30/07/2015,1.929999948
31/07/2015,1.929999948
03/08/2015,2.200000048
04/08/2015,2.130000114
05/08/2015,2.160000086
06/08/2015,2.109999895
07/08/2015,2.089999914
10/08/2015,1.929999948
11/08/2015,1.899999976
12/08/2015,1.899999976
13/08/2015,1.789999962
14/08/2015,1.840000033
17/08/2015,1.799999952
18/08/2015,1.799999952
19/08/2015,1.799999952
20/08/2015,1.700000048
21/08/2015,1.779999971
24/08/2015,1.75
25/08/2015,1.659999967
26/08/2015,1.720000029
27/08/2015,1.779999971
28/08/2015,1.850000024
31/08/2015,1.809999943
01/09/2015,1.710000038
02/09/2015,1.769999981
03/09/2015,1.789999962
04/09/2015,1.820000052
08/09/2015,1.879999995
09/09/2015,1.850000024
10/09/2015,1.840000033
11/09/2015,2.00999999
14/09/2015,1.820000052
15/09/2015,1.860000014
16/09/2015,1.889999986
17/09/2015,1.889999986
18/09/2015,1.870000005
21/09/2015,1.809999943
22/09/2015,1.730000019
23/09/2015,1.700000048
24/09/2015,1.720000029
25/09/2015,1.710000038
28/09/2015,1.659999967
29/09/2015,1.669999957
30/09/2015,1.720000029
01/10/2015,1.74000001
02/10/2015,1.830000043
05/10/2015,1.799999952
06/10/2015,1.830000043
07/10/2015,1.860000014
08/10/2015,1.929999948
09/10/2015,1.960000038
12/10/2015,1.870000005
13/10/2015,1.919999957
14/10/2015,1.950000048
15/10/2015,1.970000029
16/10/2015,1.940000057
19/10/2015,2.00999999
20/10/2015,2.019999981
21/10/2015,2.099999905
22/10/2015,2.140000105
23/10/2015,2.210000038
26/10/2015,2.150000095
27/10/2015,2.150000095
28/10/2015,2.180000067
29/10/2015,2.130000114
30/10/2015,2.119999886
02/11/2015,2.190000057
03/11/2015,2.279999971
04/11/2015,2.200000048
05/11/2015,2.200000048
06/11/2015,2.150000095
09/11/2015,2.109999895
10/11/2015,2.019999981
11/11/2015,2.069999933
12/11/2015,2
13/11/2015,1.99000001
16/11/2015,1.99000001
17/11/2015,1.980000019
18/11/2015,2.119999886
19/11/2015,2.140000105
20/11/2015,2.220000029
23/11/2015,2.220000029
24/11/2015,2.339999914
25/11/2015,2.380000114
27/11/2015,2.329999924
30/11/2015,2.359999895
01/12/2015,2.339999914
02/12/2015,2.269999981
03/12/2015,2.230000019
04/12/2015,2.279999971
07/12/2015,2.359999895
08/12/2015,2.390000105
09/12/2015,2.349999905
10/12/2015,2.450000048
11/12/2015,2.359999895
14/12/2015,2.339999914
15/12/2015,2.359999895
16/12/2015,2.539999962
17/12/2015,2.559999943
18/12/2015,2.450000048
21/12/2015,2.529999971
22/12/2015,2.769999981
23/12/2015,2.829999924
24/12/2015,2.920000076
28/12/2015,3
29/12/2015,3
30/12/2015,2.980000019
31/12/2015,2.869999886
04/01/2016,2.769999981
05/01/2016,2.75
06/01/2016,2.50999999
07/01/2016,2.279999971
08/01/2016,2.140000105
11/01/2016,2.339999914
12/01/2016,2.390000105
13/01/2016,2.25
14/01/2016,2.210000038
15/01/2016,2.029999971
19/01/2016,1.950000048
20/01/2016,1.799999952
21/01/2016,2.089999914
22/01/2016,2.019999981
25/01/2016,2.119999886
26/01/2016,2.069999933
27/01/2016,2.130000114
28/01/2016,2.079999924
29/01/2016,2.200000048
01/02/2016,2.140000105
02/02/2016,1.99000001
03/02/2016,2.069999933
04/02/2016,2.089999914
05/02/2016,1.980000019
08/02/2016,1.929999948
09/02/2016,1.899999976
10/02/2016,1.840000033
11/02/2016,1.860000014
12/02/2016,1.830000043
16/02/2016,1.830000043
17/02/2016,1.899999976
18/02/2016,1.909999967
19/02/2016,1.909999967
22/02/2016,2.00999999
23/02/2016,1.970000029
24/02/2016,2.019999981
25/02/2016,2.029999971
26/02/2016,2.069999933
29/02/2016,2.140000105
01/03/2016,2.180000067
02/03/2016,2.319999933
03/03/2016,2.460000038
04/03/2016,2.369999886
07/03/2016,2.470000029
08/03/2016,2.299999952
09/03/2016,2.25999999
10/03/2016,2.25999999
11/03/2016,2.519999981
14/03/2016,2.720000029
15/03/2016,2.49000001
16/03/2016,2.630000114
17/03/2016,2.799999952
18/03/2016,2.930000067
21/03/2016,2.799999952
22/03/2016,2.789999962
23/03/2016,2.680000067
24/03/2016,2.789999962
28/03/2016,2.779999971
29/03/2016,2.859999895
30/03/2016,2.859999895
31/03/2016,2.849999905
01/04/2016,2.829999924
04/04/2016,2.829999924
05/04/2016,2.75999999
06/04/2016,2.799999952
07/04/2016,2.640000105
08/04/2016,2.74000001
11/04/2016,2.75999999
12/04/2016,2.809999943
13/04/2016,2.799999952
14/04/2016,2.720000029
15/04/2016,2.700000048
18/04/2016,2.75999999
19/04/2016,2.619999886
20/04/2016,2.700000048
21/04/2016,2.619999886
22/04/2016,3.99000001
25/04/2016,3.450000048
26/04/2016,3.660000086
27/04/2016,3.730000019
28/04/2016,3.609999895
29/04/2016,3.549999952
02/05/2016,3.74000001
03/05/2016,3.599999905
04/05/2016,3.599999905
05/05/2016,3.660000086
06/05/2016,3.680000067
09/05/2016,3.650000095
10/05/2016,3.640000105
11/05/2016,3.650000095
12/05/2016,3.589999914
13/05/2016,3.670000076
16/05/2016,3.789999962
17/05/2016,3.789999962
18/05/2016,3.839999914
19/05/2016,3.769999981
20/05/2016,3.869999886
23/05/2016,4.039999962
24/05/2016,4.199999809
25/05/2016,4.179999828
26/05/2016,4.349999905
27/05/2016,4.599999905
31/05/2016,4.570000172
01/06/2016,4.429999828
02/06/2016,4.239999771
03/06/2016,4.159999847
06/06/2016,4.46999979
07/06/2016,4.510000229
08/06/2016,4.460000038
09/06/2016,4.519999981
10/06/2016,4.320000172
13/06/2016,4.400000095
14/06/2016,4.389999866
15/06/2016,4.420000076
16/06/2016,4.75
17/06/2016,5.260000229
20/06/2016,5.099999905
21/06/2016,5.449999809
22/06/2016,5.019999981
23/06/2016,5.210000038
24/06/2016,4.880000114
27/06/2016,4.71999979
28/06/2016,5.119999886
29/06/2016,5.130000114
30/06/2016,5.139999866
01/07/2016,5.070000172
05/07/2016,4.960000038
06/07/2016,5.039999962
07/07/2016,5.019999981
08/07/2016,5.099999905
11/07/2016,5.010000229
12/07/2016,5.139999866
13/07/2016,5.090000153
14/07/2016,5.170000076
15/07/2016,5.139999866
18/07/2016,5.510000229
19/07/2016,5.409999847
20/07/2016,5.409999847
21/07/2016,5.21999979
22/07/2016,5.840000153
25/07/2016,6.699999809
26/07/2016,6.980000019
27/07/2016,6.849999905
28/07/2016,6.820000172
29/07/2016,6.860000134
01/08/2016,6.639999866
02/08/2016,6.260000229
03/08/2016,6.300000191
04/08/2016,6.46999979
05/08/2016,6.610000134
08/08/2016,6.679999828
09/08/2016,6.599999905
10/08/2016,6.489999771
11/08/2016,6.579999924
12/08/2016,6.730000019
15/08/2016,6.949999809
16/08/2016,6.78000021
17/08/2016,6.679999828
18/08/2016,7.039999962
19/08/2016,7.619999886
22/08/2016,7.579999924
23/08/2016,7.670000076
24/08/2016,7.429999828
25/08/2016,7.46999979
26/08/2016,7.670000076
29/08/2016,7.590000153
30/08/2016,7.489999771
31/08/2016,7.400000095
01/09/2016,7.349999905
02/09/2016,7.510000229
06/09/2016,7.340000153
07/09/2016,6.840000153
08/09/2016,6.230000019
09/09/2016,5.900000095
12/09/2016,5.940000057
13/09/2016,5.739999771
14/09/2016,6.039999962
15/09/2016,6.019999981
16/09/2016,6.050000191
19/09/2016,6.159999847
20/09/2016,6.170000076
21/09/2016,6.289999962
22/09/2016,6.369999886
23/09/2016,6.550000191
26/09/2016,6.320000172
27/09/2016,6.539999962
28/09/2016,6.590000153
29/09/2016,6.670000076
30/09/2016,6.909999847
03/10/2016,6.949999809
04/10/2016,6.96999979
05/10/2016,6.78000021
06/10/2016,6.960000038
07/10/2016,6.75
10/10/2016,6.840000153
11/10/2016,6.5
12/10/2016,6.619999886
13/10/2016,6.489999771
14/10/2016,6.75
17/10/2016,6.670000076
18/10/2016,6.730000019
19/10/2016,6.769999981
20/10/2016,6.960000038
21/10/2016,6.519999981
24/10/2016,7.010000229
25/10/2016,7.5
26/10/2016,7.289999962
27/10/2016,7.110000134
28/10/2016,7.199999809
31/10/2016,7.230000019
01/11/2016,7.090000153
02/11/2016,6.760000229
03/11/2016,6.699999809
04/11/2016,6.559999943
07/11/2016,6.960000038
08/11/2016,7
09/11/2016,6.940000057
10/11/2016,6.300000191
11/11/2016,6.690000057
14/11/2016,6.789999962
15/11/2016,6.96999979
16/11/2016,7.670000076
17/11/2016,8.460000038
18/11/2016,8.710000038
21/11/2016,8.93999958
22/11/2016,8.68999958
23/11/2016,8.800000191
25/11/2016,8.770000458
28/11/2016,8.829999924
29/11/2016,8.930000305
30/11/2016,8.909999847
01/12/2016,8.390000343
02/12/2016,8.529999733
05/12/2016,8.680000305
06/12/2016,9.449999809
07/12/2016,9.56000042
08/12/2016,10.34000015
09/12/2016,10.34000015
12/12/2016,10.68000031
13/12/2016,10.53999996
14/12/2016,10.55000019
15/12/2016,10.85999966
16/12/2016,10.65999985
19/12/2016,10.94999981
20/12/2016,11.51000023
21/12/2016,11.47000027
22/12/2016,11.60000038
23/12/2016,11.57999992
27/12/2016,12.06999969
28/12/2016,11.55000019
29/12/2016,11.59000015
30/12/2016,11.34000015
03/01/2017,11.43000031
04/01/2017,11.43000031
05/01/2017,11.23999977
06/01/2017,11.31999969
09/01/2017,11.48999977
10/01/2017,11.43999958
11/01/2017,11.19999981
12/01/2017,10.76000023
13/01/2017,10.57999992
17/01/2017,9.819999695
18/01/2017,9.880000114
19/01/2017,9.770000458
20/01/2017,9.75
23/01/2017,9.909999847
24/01/2017,10.43999958
25/01/2017,10.35000038
26/01/2017,10.52000046
27/01/2017,10.67000008
30/01/2017,10.60999966
31/01/2017,10.36999989
01/02/2017,12.06000042
02/02/2017,12.27999973
03/02/2017,12.23999977
06/02/2017,13.63000011
07/02/2017,13.28999996
08/02/2017,13.56000042
09/02/2017,13.42000008
10/02/2017,13.57999992
13/02/2017,13.48999977
14/02/2017,13.26000023
15/02/2017,13.30000019
16/02/2017,12.97000027
17/02/2017,13.13000011
21/02/2017,14
22/02/2017,14.27999973
23/02/2017,14.31999969
24/02/2017,14.11999989
27/02/2017,15.19999981
28/02/2017,14.46000004
01/03/2017,14.96000004
02/03/2017,13.89999962
03/03/2017,13.02999973
06/03/2017,13.03999996
07/03/2017,13.05000019
08/03/2017,13.22000027
09/03/2017,13.32999992
10/03/2017,13.90999985
13/03/2017,14.27999973
14/03/2017,14.10000038
15/03/2017,13.97999954
16/03/2017,13.64999962
17/03/2017,13.48999977
20/03/2017,14.39999962
21/03/2017,13.81999969
22/03/2017,14.10000038
23/03/2017,13.78999996
24/03/2017,13.69999981
27/03/2017,13.69999981
28/03/2017,13.68999958
29/03/2017,13.71000004
30/03/2017,14.05000019
31/03/2017,14.55000019
03/04/2017,14.64000034
04/04/2017,14.15999985
05/04/2017,14.17000008
06/04/2017,13.27000046
07/04/2017,13.52000046
10/04/2017,13.10000038
11/04/2017,13.10000038
12/04/2017,12.76000023
13/04/2017,12.31000042
17/04/2017,12.78999996
18/04/2017,12.94999981
19/04/2017,12.84000015
20/04/2017,13.10999966
21/04/2017,13
24/04/2017,13.13000011
25/04/2017,13.48999977
26/04/2017,13.40999985
27/04/2017,13.61999989
28/04/2017,13.30000019
01/05/2017,13.61999989
02/05/2017,10.31999969
03/05/2017,10.39000034
04/05/2017,10.10000038
05/05/2017,10.18999958
08/05/2017,10.03999996
09/05/2017,10.18000031
10/05/2017,10.78999996
11/05/2017,11.06999969
12/05/2017,11.26000023
15/05/2017,11.42000008
16/05/2017,12.75
17/05/2017,11.19999981
18/05/2017,11.27999973
19/05/2017,11.40999985
22/05/2017,11.03999996
23/05/2017,10.89000034
24/05/2017,10.89000034
25/05/2017,10.97999954
26/05/2017,11
30/05/2017,11.11999989
31/05/2017,11.18999958
01/06/2017,10.93000031
02/06/2017,10.89999962
05/06/2017,11.23999977
06/06/2017,12.02999973
07/06/2017,12.38000011
08/06/2017,12.89999962
09/06/2017,12.27999973
12/06/2017,12.09000015
13/06/2017,11.96000004
14/06/2017,11.77000046
15/06/2017,11.5
16/06/2017,11.43999958
19/06/2017,11.93000031
20/06/2017,12.64000034
21/06/2017,13.97999954
22/06/2017,14.38000011
23/06/2017,14.17000008
26/06/2017,14.07999992
27/06/2017,13.39999962
28/06/2017,13.22999954
29/06/2017,12.60000038
30/06/2017,12.47999954
03/07/2017,12.14999962
05/07/2017,13.18999958
06/07/2017,13.02000046
07/07/2017,13.35999966
10/07/2017,13.81000042
11/07/2017,13.89000034
12/07/2017,14.28999996
13/07/2017,13.52999973
14/07/2017,13.92000008
17/07/2017,13.80000019
18/07/2017,13.47999954
19/07/2017,13.55000019
20/07/2017,13.80000019
21/07/2017,13.88000011
24/07/2017,14.15999985
25/07/2017,14.10999966
26/07/2017,14.76000023
27/07/2017,14.11999989
28/07/2017,13.94999981
31/07/2017,13.60999966
01/08/2017,13.71000004
02/08/2017,13.36999989
03/08/2017,13.23999977
04/08/2017,13.11999989
07/08/2017,13.43000031
08/08/2017,13.10999966
09/08/2017,12.82999992
10/08/2017,12.11999989
11/08/2017,12.22999954
14/08/2017,12.76000023
15/08/2017,13.02000046
16/08/2017,12.63000011
17/08/2017,12.34000015
18/08/2017,12.36999989
21/08/2017,12.05000019
22/08/2017,12.17000008
23/08/2017,12.47999954
24/08/2017,12.5
25/08/2017,12.43000031
28/08/2017,12.22999954
29/08/2017,12.14999962
30/08/2017,12.67000008
31/08/2017,13
01/09/2017,13.18999958
05/09/2017,12.92000008
06/09/2017,12.85999966
07/09/2017,12.63000011
08/09/2017,12.25
11/09/2017,12.55000019
12/09/2017,12.30000019
13/09/2017,12.22000027
14/09/2017,12.26000023
15/09/2017,12.52000046
18/09/2017,13.07999992
19/09/2017,13.11999989
20/09/2017,13.73999977
21/09/2017,13.40999985
22/09/2017,13.30000019
25/09/2017,12.60999966
26/09/2017,12.44999981
27/09/2017,12.73999977
28/09/2017,12.73999977
29/09/2017,12.75
02/10/2017,12.71000004
03/10/2017,13.42000008
04/10/2017,13.31000042
05/10/2017,13.34000015
06/10/2017,13.22999954
09/10/2017,13.47000027
10/10/2017,13.69999981
11/10/2017,13.88000011
12/10/2017,14.19999981
13/10/2017,14.22000027
16/10/2017,14.26000023
17/10/2017,14.15999985
18/10/2017,14.06999969
19/10/2017,13.94999981
20/10/2017,13.81000042
23/10/2017,14.10000038
24/10/2017,14.25
25/10/2017,12.32999992
26/10/2017,12.01000023
27/10/2017,11.84000015
30/10/2017,10.89000034
31/10/2017,10.98999977
01/11/2017,10.80000019
02/11/2017,10.85000038
03/11/2017,11.11999989
06/11/2017,11.93000031
07/11/2017,12.05000019
08/11/2017,11.71000004
09/11/2017,11.11999989
10/11/2017,11.26000023
13/11/2017,11.09000015
14/11/2017,11.11999989
15/11/2017,11.06999969
16/11/2017,11.25
17/11/2017,11.38000011
20/11/2017,11.34000015
21/11/2017,11.39999962
22/11/2017,11.36999989
24/11/2017,11.38000011
27/11/2017,11.55000019
28/11/2017,11.17000008
29/11/2017,10.82999992
30/11/2017,10.89000034
01/12/2017,10.72999954
04/12/2017,10.02999973
05/12/2017,9.909999847
06/12/2017,10
07/12/2017,10.03999996
08/12/2017,9.93999958
11/12/2017,10.15999985
12/12/2017,9.899999619
13/12/2017,10.10999966
14/12/2017,10.13000011
15/12/2017,10.28999996
18/12/2017,10.97999954
19/12/2017,10.94999981
20/12/2017,10.97999954
21/12/2017,10.89000034
22/12/2017,10.53999996
26/12/2017,10.46000004
27/12/2017,10.52999973
28/12/2017,10.55000019
29/12/2017,10.27999973
02/01/2018,10.97999954
03/01/2018,11.55000019
04/01/2018,12.11999989
05/01/2018,11.88000011
08/01/2018,12.27999973
09/01/2018,11.81999969
10/01/2018,11.96000004
11/01/2018,12.14000034
12/01/2018,12.02000046
16/01/2018,11.90999985
17/01/2018,12.18000031
18/01/2018,12.47000027
19/01/2018,12.59000015
22/01/2018,12.64999962
23/01/2018,12.93999958
24/01/2018,12.71000004
25/01/2018,12.40999985
26/01/2018,12.94999981
29/01/2018,13.31999969
30/01/2018,12.86999989
31/01/2018,13.73999977
01/02/2018,13.25
02/02/2018,12.44999981
05/02/2018,11.56999969
06/02/2018,11.64999962
07/02/2018,11.60000038
08/02/2018,11.22000027
09/02/2018,11.31000042
12/02/2018,11.68000031
13/02/2018,11.77999973
14/02/2018,12.19999981
15/02/2018,12.18999958
16/02/2018,11.81999969
20/02/2018,12.02000046
21/02/2018,11.72000027
22/02/2018,11.84000015
23/02/2018,12.06999969
26/02/2018,12.42000008
27/02/2018,12.52999973
28/02/2018,12.10999966
01/03/2018,11.89999962
02/03/2018,11.81000042
05/03/2018,11.90999985
06/03/2018,11.76000023
07/03/2018,12.23999977
08/03/2018,11.97000027
09/03/2018,11.69999981
12/03/2018,11.52000046
13/03/2018,11.64000034
14/03/2018,11.35999966
15/03/2018,11.46000004
16/03/2018,11.47000027
19/03/2018,11.43000031
20/03/2018,11.10999966
21/03/2018,11.26000023
22/03/2018,10.90999985
23/03/2018,10.63000011
26/03/2018,10.43999958
27/03/2018,10
28/03/2018,9.81000042
29/03/2018,10.05000019
02/04/2018,9.529999733
03/04/2018,9.550000191
04/04/2018,9.770000458
05/04/2018,10.02000046
06/04/2018,9.609999657
09/04/2018,9.529999733
10/04/2018,9.979999542
11/04/2018,9.819999695
12/04/2018,10.07999992
13/04/2018,9.930000305
16/04/2018,10.09000015
17/04/2018,10.52000046
18/04/2018,10.35999966
19/04/2018,10.10999966
20/04/2018,9.989999771
23/04/2018,10.03999996
24/04/2018,10.09000015
25/04/2018,9.710000038
26/04/2018,11.03999996
27/04/2018,11.10999966
30/04/2018,10.88000011
01/05/2018,11.13000011
02/05/2018,10.97000027
03/05/2018,10.93000031
04/05/2018,11.27999973
07/05/2018,11.59000015
08/05/2018,11.60999966
09/05/2018,11.94999981
10/05/2018,12.13000011
11/05/2018,11.94999981
14/05/2018,12.22999954
15/05/2018,12.44999981
16/05/2018,12.81999969
17/05/2018,12.81999969
18/05/2018,13
21/05/2018,12.98999977
22/05/2018,12.97999954
23/05/2018,13.10000038
24/05/2018,13.40999985
25/05/2018,13.53999996
29/05/2018,13.35999966
30/05/2018,13.81999969
31/05/2018,13.72999954
01/06/2018,14.39999962
04/06/2018,14.85000038
05/06/2018,14.85000038
06/06/2018,15.67000008
07/06/2018,14.89000034
08/06/2018,15.25
11/06/2018,15.72999954
12/06/2018,15.85000038
13/06/2018,16.31999969
14/06/2018,16.25
15/06/2018,16.34000015
18/06/2018,17.11000061
19/06/2018,16.69000053
20/06/2018,16.52000046
21/06/2018,15.64999962
22/06/2018,15.80000019
25/06/2018,15.10999966
26/06/2018,15.5
27/06/2018,14.97000027
28/06/2018,15.31000042
29/06/2018,14.98999977
02/07/2018,15.15999985
03/07/2018,15
05/07/2018,15.5
06/07/2018,16.36000061
09/07/2018,16.61000061
10/07/2018,16.54999924
11/07/2018,16.27000046
12/07/2018,16.55999947
13/07/2018,16.27000046
16/07/2018,16.57999992
17/07/2018,16.87000084
18/07/2018,16.85000038
19/07/2018,16.70999908
20/07/2018,16.5
23/07/2018,16.65999985
24/07/2018,16.19000053
25/07/2018,16.04999924
26/07/2018,18.35000038
27/07/2018,18.94000053
30/07/2018,19.42000008
31/07/2018,18.32999992
01/08/2018,18.47999954
02/08/2018,18.79000092
03/08/2018,18.48999977
06/08/2018,19.43000031
07/08/2018,19.55999947
08/08/2018,19.57999992
09/08/2018,19.10000038
10/08/2018,19.05999947
13/08/2018,19.72999954
14/08/2018,20.02000046
15/08/2018,19.70000076
16/08/2018,19.32999992
17/08/2018,19.77000046
20/08/2018,19.97999954
21/08/2018,20.39999962
22/08/2018,20.89999962
23/08/2018,22.29000092
24/08/2018,23.97999954
27/08/2018,25.26000023
28/08/2018,25.04999924
29/08/2018,25.20000076
30/08/2018,24.88999939
31/08/2018,25.17000008
04/09/2018,28.05999947
05/09/2018,28.51000023
06/09/2018,27.84000015
07/09/2018,27.37999916
10/09/2018,29.88999939
11/09/2018,30.10000038
12/09/2018,32.20999908
13/09/2018,30.47999954
14/09/2018,32.72000122
17/09/2018,32.43000031
18/09/2018,31.93000031
19/09/2018,31.20999908
20/09/2018,31.18000031
21/09/2018,31.02000046
24/09/2018,32.61000061
25/09/2018,32.56999969
26/09/2018,32.18999863
27/09/2018,32.59000015
28/09/2018,30.88999939
01/10/2018,31.42000008
02/10/2018,29.02000046
03/10/2018,28.43000031
04/10/2018,27.78000069
05/10/2018,27.35000038
08/10/2018,26.45999908
09/10/2018,27.23999977
10/10/2018,25
11/10/2018,25.29999924
12/10/2018,26.34000015
15/10/2018,26.26000023
16/10/2018,28.18000031
17/10/2018,27.29999924
18/10/2018,26.62000084
19/10/2018,23.65999985
22/10/2018,25.03000069
23/10/2018,25.09000015
24/10/2018,22.79000092
25/10/2018,19.27000046
26/10/2018,17.62999916
29/10/2018,16.85000038
30/10/2018,17.20000076
31/10/2018,18.20999908
01/11/2018,20.21999931
02/11/2018,20.22999954
05/11/2018,19.89999962
06/11/2018,20.68000031
07/11/2018,21.84000015
08/11/2018,21.20000076
09/11/2018,21.03000069
12/11/2018,19.03000069
13/11/2018,19.61000061
14/11/2018,20.80999947
15/11/2018,21.48999977
16/11/2018,20.65999985
19/11/2018,19.11000061
20/11/2018,19.20999908
21/11/2018,18.72999954
23/11/2018,19.37999916
26/11/2018,20.07999992
27/11/2018,21.04999924
28/11/2018,21.34000015
29/11/2018,21.43000031
30/11/2018,21.29999924
03/12/2018,23.70999908
04/12/2018,21.12000084
06/12/2018,21.29999924
07/12/2018,19.45999908
10/12/2018,19.98999977
11/12/2018,19.97999954
12/12/2018,20.47999954
13/12/2018,19.86000061
14/12/2018,19.89999962
17/12/2018,18.82999992
18/12/2018,19.5
19/12/2018,18.15999985
20/12/2018,17.94000053
21/12/2018,16.93000031
24/12/2018,16.64999962
26/12/2018,17.89999962
27/12/2018,17.48999977
28/12/2018,17.81999969
31/12/2018,18.45999908
02/01/2019,18.82999992
03/01/2019,17.04999924
04/01/2019,19
07/01/2019,20.56999969
08/01/2019,20.75
09/01/2019,20.19000053
10/01/2019,19.73999977
11/01/2019,20.27000046
14/01/2019,20.22999954
15/01/2019,20.37999916
16/01/2019,19.72999954
17/01/2019,20.25
18/01/2019,20.77000046
22/01/2019,19.76000023
23/01/2019,19.79999924
24/01/2019,20.85000038
25/01/2019,21.93000031
28/01/2019,20.18000031
29/01/2019,19.25
30/01/2019,23.09000015
31/01/2019,24.40999985
01/02/2019,24.51000023
04/02/2019,24.12999916
05/02/2019,23.30999947
06/02/2019,23.26000023
07/02/2019,22.67000008
08/02/2019,23.04999924
11/02/2019,22.95999908
12/02/2019,22.81999969
13/02/2019,22.85000038
14/02/2019,23.12999916
15/02/2019,23.68000031
19/02/2019,23.95000076
20/02/2019,23.95000076
21/02/2019,23.92000008
22/02/2019,24.36000061
25/02/2019,24.70999908
26/02/2019,24.20999908
27/02/2019,23.47999954
28/02/2019,23.53000069
01/03/2019,23.68000031
04/03/2019,23.37000084
05/03/2019,23.5
06/03/2019,22.40999985
07/03/2019,22.07999992
08/03/2019,22.01000023
11/03/2019,22.95999908
12/03/2019,23.48999977
13/03/2019,23.37999916
14/03/2019,22.81999969
15/03/2019,23.29000092
18/03/2019,23.25
19/03/2019,26
20/03/2019,25.70000076
21/03/2019,27.88999939
22/03/2019,26.37000084
25/03/2019,25.96999931
26/03/2019,25.69000053
27/03/2019,24.88999939
28/03/2019,25.05999947
29/03/2019,25.52000046
01/04/2019,26.36000061
02/04/2019,26.75
03/04/2019,29.02000046
04/04/2019,29.09000015
05/04/2019,28.97999954
08/04/2019,28.53000069
09/04/2019,27.23999977
10/04/2019,27.82999992
11/04/2019,27.79000092
12/04/2019,27.85000038
15/04/2019,27.32999992
16/04/2019,27.93000031
17/04/2019,27.48999977
18/04/2019,27.68000031
22/04/2019,28.18000031
23/04/2019,27.96999931
24/04/2019,28.45999908
25/04/2019,27.65999985
26/04/2019,27.87999916
29/04/2019,27.69000053
30/04/2019,27.62999916
01/05/2019,26.80999947
02/05/2019,28.29000092
03/05/2019,28.21999931
06/05/2019,27.42000008
07/05/2019,26.65999985
08/05/2019,27.09000015
09/05/2019,27.20999908
10/05/2019,27.95999908
13/05/2019,26.23999977
14/05/2019,27.31999969
15/05/2019,27.57999992
16/05/2019,28.01000023
17/05/2019,27.5
20/05/2019,26.68000031
21/05/2019,27.35000038
22/05/2019,27.40999985
23/05/2019,26.36000061
24/05/2019,26.44000053
28/05/2019,29.04999924
29/05/2019,28.09000015
30/05/2019,28.03000069
31/05/2019,27.40999985
03/06/2019,27.57999992
04/06/2019,29.56999969
05/06/2019,29.5
06/06/2019,31.81999969
07/06/2019,32.40999985
10/06/2019,33.22999954
11/06/2019,32.40999985
12/06/2019,32.18000031
13/06/2019,31.38999939
14/06/2019,30.36000061
17/06/2019,29.20000076
18/06/2019,30.45000076
19/06/2019,30.5
20/06/2019,30.01000023
21/06/2019,29.10000038
24/06/2019,29.26000023
25/06/2019,28.86000061
26/06/2019,29.92000008
27/06/2019,30.73999977
28/06/2019,30.37000084
01/07/2019,31.20000076
02/07/2019,31.23999977
03/07/2019,31.19000053
05/07/2019,31.5
08/07/2019,32.04000092
09/07/2019,33.15000153
10/07/2019,33.79000092
11/07/2019,33.06000137
12/07/2019,33.20999908
15/07/2019,34.38999939
16/07/2019,33.84999847
17/07/2019,33.59999847
18/07/2019,33
19/07/2019,32.50999832
22/07/2019,32.84999847
23/07/2019,33.49000168
24/07/2019,34.11000061
25/07/2019,33.66999817
26/07/2019,34.02000046
29/07/2019,33.47999954
30/07/2019,33.86999893
31/07/2019,30.45000076
01/08/2019,29.86000061
02/08/2019,29.44000053
05/08/2019,27.98999977
06/08/2019,28.86000061
07/08/2019,29.19000053
08/08/2019,33.91999817
09/08/2019,34.18999863
12/08/2019,32.43000031
13/08/2019,32.11000061
14/08/2019,30.23999977
15/08/2019,29.67000008
16/08/2019,31.18000031
19/08/2019,31.47999954
20/08/2019,30.71999931
21/08/2019,31.70000076
22/08/2019,31.89999962
23/08/2019,29.54000092
26/08/2019,30.28000069
27/08/2019,30.20000076
28/08/2019,30.78000069
29/08/2019,31.45000076
30/08/2019,31.45000076
03/09/2019,30.89999962
04/09/2019,30.95000076
05/09/2019,31.5
06/09/2019,30.55999947
09/09/2019,30.5
10/09/2019,30.22999954
11/09/2019,29.76000023
12/09/2019,30.20999908
13/09/2019,30.69000053
16/09/2019,30.82999992
17/09/2019,30.98999977
18/09/2019,30.42000008
19/09/2019,30.29000092
20/09/2019,30.04999924
23/09/2019,30.63999939
24/09/2019,29.52000046
25/09/2019,29.54000092
26/09/2019,29.46999931
27/09/2019,28.71999931
30/09/2019,28.98999977
01/10/2019,28.76000023
02/10/2019,28.30999947
03/10/2019,28.68000031
04/10/2019,29.01000023
07/10/2019,28.93000031
08/10/2019,28.22999954
09/10/2019,28.45999908
10/10/2019,28.37999916
11/10/2019,29.75
14/10/2019,30.53000069
15/10/2019,30.71999931
16/10/2019,30.80999947
17/10/2019,31.13999939
18/10/2019,30.96999931
21/10/2019,32.02999878
22/10/2019,31.51000023
23/10/2019,31.36000061
24/10/2019,31.71999931
25/10/2019,32.70999908
28/10/2019,33.68999863
29/10/2019,33.02999878
30/10/2019,33.13000107
31/10/2019,33.93000031
01/11/2019,34.88999939
04/11/2019,36.29000092
05/11/2019,36.15000153
06/11/2019,35.93000031
07/11/2019,36.27999878
08/11/2019,36.29000092
11/11/2019,36.31000137
12/11/2019,36.70999908
13/11/2019,37.52000046
14/11/2019,38.34999847
15/11/2019,38.56000137
18/11/2019,39.88000107
19/11/2019,41.29000092
20/11/2019,40.97999954
21/11/2019,39.52000046
22/11/2019,39.15000153
25/11/2019,39.79000092
26/11/2019,38.99000168
27/11/2019,39.40999985
29/11/2019,39.15000153
02/12/2019,38.72999954
03/12/2019,38.90000153
04/12/2019,39.68999863
05/12/2019,39.61999893
06/12/2019,39.63000107
09/12/2019,38.93000031
10/12/2019,39.43999863
11/12/2019,39.47000122
12/12/2019,42.59000015
13/12/2019,41.15000153
16/12/2019,42.34999847
17/12/2019,42.77000046
18/12/2019,42.29999924
19/12/2019,42.83000183
20/12/2019,44.15000153
23/12/2019,45.45999908
24/12/2019,46.54000092
26/12/2019,46.63000107
27/12/2019,46.18000031
30/12/2019,45.52000046
31/12/2019,45.86000061
02/01/2020,49.09999847
03/01/2020,48.59999847
06/01/2020,48.38999939
07/01/2020,48.25
08/01/2020,47.83000183
09/01/2020,48.97000122
10/01/2020,48.16999817
13/01/2020,48.75
14/01/2020,48.20999908
15/01/2020,48.54999924
16/01/2020,49.77000046
17/01/2020,50.93000031
21/01/2020,51.04999924
22/01/2020,51.43000031
23/01/2020,51.70999908
24/01/2020,50.34999847
27/01/2020,49.25999832
28/01/2020,50.52999878
29/01/2020,47.50999832
30/01/2020,48.77999878
31/01/2020,47
03/02/2020,48.02000046
04/02/2020,49.45000076
05/02/2020,49.84000015
06/02/2020,49.31999969
07/02/2020,49.72999954
10/02/2020,52.25999832
11/02/2020,53.79999924
12/02/2020,53.88999939
13/02/2020,54.52999878
14/02/2020,55.31000137
18/02/2020,56.88999939
19/02/2020,58.90000153
20/02/2020,57.27000046
21/02/2020,53.27999878
24/02/2020,49.11999893
25/02/2020,47.56999969
26/02/2020,47.49000168
27/02/2020,44.00999832
28/02/2020,45.47999954
02/03/2020,47.45999908
03/03/2020,46.75
04/03/2020,50.11000061
05/03/2020,48.11000061
06/03/2020,48.59000015
09/03/2020,43.27000046
10/03/2020,45.38000107
11/03/2020,45.70000076
12/03/2020,39.00999832
13/03/2020,43.90000153
16/03/2020,38.70999908
17/03/2020,41.88000107
18/03/2020,39.11999893
19/03/2020,39.81999969
20/03/2020,39.61000061
23/03/2020,41.63999939
24/03/2020,46.22000122
25/03/2020,44.63000107
26/03/2020,47.5
27/03/2020,46.58000183
30/03/2020,47.86000061
31/03/2020,45.47999954
01/04/2020,43.65999985
02/04/2020,44.49000168
03/04/2020,42.59000015
06/04/2020,47.52000046
07/04/2020,47.56000137
08/04/2020,48.79000092
09/04/2020,48.38000107
13/04/2020,50.93999863
14/04/2020,54.93000031
15/04/2020,54.99000168
16/04/2020,56.95000076
17/04/2020,56.59999847
20/04/2020,56.97000122
21/04/2020,52.91999817
22/04/2020,55.91999817
23/04/2020,55.90000153
24/04/2020,56.18000031
27/04/2020,56.49000168
28/04/2020,55.50999832
29/04/2020,53.65999985
30/04/2020,52.38999939
01/05/2020,49.88000107
04/05/2020,52.56000137
05/05/2020,52.18999863
06/05/2020,52.15999985
07/05/2020,51.95000076
08/05/2020,53.18999863
11/05/2020,55.74000168
12/05/2020,53.75999832
13/05/2020,52.18000031
14/05/2020,54.50999832
15/05/2020,54.20000076
18/05/2020,54.59000015
19/05/2020,55.47000122
20/05/2020,56.38999939
21/05/2020,54.65000153
22/05/2020,55.16999817
26/05/2020,53.18999863
27/05/2020,52.74000168
28/05/2020,51.74000168
29/05/2020,53.79999924
01/06/2020,53.63000107
02/06/2020,53.54000092
03/06/2020,52.72999954
04/06/2020,52.63000107
05/06/2020,53.09999847
08/06/2020,52.97000122
09/06/2020,56.38999939
10/06/2020,57.43999863
11/06/2020,52.83000183
12/06/2020,53.5
15/06/2020,54.68000031
16/06/2020,54.45999908
17/06/2020,54.54999924
18/06/2020,54.04000092
19/06/2020,54.22999954
22/06/2020,54.75999832
23/06/2020,53.99000168
24/06/2020,52.38999939
25/06/2020,51.93000031
26/06/2020,50.09999847
29/06/2020,50.27999878
30/06/2020,52.61000061
01/07/2020,52.58000183
02/07/2020,52.34000015
06/07/2020,53.40000153
07/07/2020,52.93000031
08/07/2020,53.43000031
09/07/2020,57.25999832
10/07/2020,55.88000107
13/07/2020,53.59000015
14/07/2020,54.72000122
15/07/2020,55.34000015
16/07/2020,54.91999817
17/07/2020,55.04000092
20/07/2020,57.45999908
21/07/2020,57
22/07/2020,61.79000092
23/07/2020,59.56999969
24/07/2020,69.40000153
27/07/2020,68.97000122
28/07/2020,67.61000061
29/07/2020,76.08999634
30/07/2020,78.19999695
31/07/2020,77.43000031
03/08/2020,77.66999817
04/08/2020,85.04000092
05/08/2020,85.30999756
06/08/2020,86.70999908
07/08/2020,84.84999847
10/08/2020,82.23999786
11/08/2020,76.87999725
12/08/2020,82.61000061
13/08/2020,81.83999634
14/08/2020,81.30000305
17/08/2020,82.41999817
18/08/2020,81.66000366
19/08/2020,81.08999634
20/08/2020,82.76999664
21/08/2020,83.80999756
24/08/2020,83.08000183
25/08/2020,86.34999847
26/08/2020,86.01999664
27/08/2020,83.80000305
28/08/2020,85.55000305
31/08/2020,90.81999969
01/09/2020,92.18000031
02/09/2020,90.22000122
03/09/2020,82.54000092
04/09/2020,82.01000214
08/09/2020,78.69000244
09/09/2020,81.91000366
10/09/2020,78.98000336
11/09/2020,76.33999634
14/09/2020,77.90000153
15/09/2020,78.93000031
16/09/2020,76.66000366
17/09/2020,76.55000305
18/09/2020,74.93000031
21/09/2020,77.94000244
22/09/2020,77.69999695
23/09/2020,74.73000336
24/09/2020,75.81999969
25/09/2020,78.05999756
28/09/2020,79.48000336
29/09/2020,81.76999664
30/09/2020,81.98999786
01/10/2020,84.86000061
02/10/2020,81.80000305
05/10/2020,86.15000153
06/10/2020,84.48000336
07/10/2020,86.69000244
08/10/2020,86.51000214
09/10/2020,83.09999847
12/10/2020,84.29000092
13/10/2020,85.27999878
14/10/2020,84.20999908
15/10/2020,83.12999725
16/10/2020,83.16999817
19/10/2020,82
20/10/2020,81.55999756
21/10/2020,79.19999695
22/10/2020,79.41999817
23/10/2020,81.95999908
26/10/2020,82.23000336
27/10/2020,78.87999725
28/10/2020,76.40000153
29/10/2020,78.01999664
30/10/2020,75.29000092
02/11/2020,74.69999695
03/11/2020,76.58000183
04/11/2020,81.34999847
05/11/2020,83
06/11/2020,85.87999725
09/11/2020,83.12000275
10/11/2020,77.98999786
11/11/2020,81.27999878
12/11/2020,81.83999634
13/11/2020,81.43000031
16/11/2020,83.73000336
17/11/2020,83.36000061
18/11/2020,82.54000092
19/11/2020,85.54000092
20/11/2020,84.63999939
23/11/2020,85.30999756
24/11/2020,85.06999969
25/11/2020,86.70999908
27/11/2020,87.19000244
30/11/2020,92.66000366
01/12/2020,92.62999725
02/12/2020,93.73999786
03/12/2020,92.30999756
04/12/2020,94.04000092
07/12/2020,94.06999969
08/12/2020,92.91999817
09/12/2020,89.83000183
10/12/2020,91.66000366
11/12/2020,91.65000153
14/12/2020,94.77999878
15/12/2020,97.12000275
16/12/2020,96.84999847
17/12/2020,96.83999634
18/12/2020,95.91999817
21/12/2020,93.23000336
22/12/2020,93.16000366
23/12/2020,91.55000305
24/12/2020,91.80999756
28/12/2020,91.59999847
29/12/2020,90.62000275
30/12/2020,92.29000092
31/12/2020,91.70999908
04/01/2021,92.30000305
05/01/2021,92.76999664
06/01/2021,90.33000183
07/01/2021,95.16000366
08/01/2021,94.58000183
11/01/2021,97.25
12/01/2021,95.36000061
13/01/2021,91.77999878
14/01/2021,90.79000092
15/01/2021,88.20999908
19/01/2021,89.44999695
20/01/2021,88.75
21/01/2021,91.52999878
22/01/2021,92.79000092
25/01/2021,94.12999725
26/01/2021,94.70999908
27/01/2021,88.83999634
28/01/2021,87.51999664
29/01/2021,85.63999939
01/02/2021,87.66000366
02/02/2021,88.86000061
03/02/2021,87.88999939
04/02/2021,87.83999634
05/02/2021,87.90000153
08/02/2021,91.47000122
09/02/2021,90.91000366
10/02/2021,92.34999847
11/02/2021,92.66000366
12/02/2021,93.76999664
16/02/2021,91.45999908
17/02/2021,89.94000244
18/02/2021,88.63999939
19/02/2021,89.58000183
22/02/2021,85.37000275
23/02/2021,84.73999786
24/02/2021,86.94000244
25/02/2021,82.41999817
26/02/2021,84.51000214
01/03/2021,86.38999939
02/03/2021,84.12999725
03/03/2021,80.86000061
04/03/2021,77.75
05/03/2021,78.51999664
08/03/2021,73.95999908
09/03/2021,78.52999878
10/03/2021,77.51999664
11/03/2021,81.23000336
12/03/2021,81.05000305
15/03/2021,82.5
16/03/2021,82.75
17/03/2021,82.62999725
18/03/2021,78.12000275
19/03/2021,79.05999756
22/03/2021,80.30000305
23/03/2021,78.37999725
24/03/2021,76.48000336
25/03/2021,76.22000122
26/03/2021,77.41000366
29/03/2021,77.13999939
30/03/2021,76
31/03/2021,78.5
01/04/2021,81.08999634
05/04/2021,81.43000031
06/04/2021,81.44000244
07/04/2021,82.19999695
08/04/2021,83.34999847
09/04/2021,82.76000214
12/04/2021,78.58000183
13/04/2021,80.19000244
14/04/2021,78.55000305
15/04/2021,83.01000214
16/04/2021,82.15000153
19/04/2021,81.11000061
